{
	"format_version": "1.8.0",
	"animations": {
		"move.walk": {
			"loop": true,
			"animation_length": 1,
			"bones": {
				"right_arm": {
					"rotation": {
						"0.0": [5, 0, 0],
						"0.5": [-5, 0, 0],
						"0.9583": [5, 0, 0]
					}
				},
				"left_arm": {
					"rotation": {
						"0.0": [-5, 0, 0],
						"0.5": [5, 0, 0],
						"1.0": [-5, 0, 0]
					}
				},
				"right_leg": {
					"rotation": {
						"0.0": [-35, 0, 0],
						"0.5": [35, 0, 0],
						"0.9583": [-35, 0, 0]
					}
				},
				"left_leg": {
					"rotation": {
						"0.0": [35, 0, 0],
						"0.5": [-35, 0, 0],
						"0.9583": [35, 0, 0]
					}
				}
			}
		},
		"attack.swing_right": {
			"animation_length": 0.375,
			"bones": {
				"right_arm": {
					"rotation": {
						"0.0": [0, 0, 0],
						"0.0833": [74.85666, 7.8959, 62.11231],
						"0.1667": [-59.61975, -41.72447, -6.3188],
						"0.375": [0, 0, 0]
					}
				},
				"right_forearm": {
					"rotation": {
						"0.0": [0, 0, 0],
						"0.125": [-42.5, 0, 0],
						"0.375": [0, 0, 0]
					}
				}
			}
		},
		"attack.swing_left": {
			"animation_length": 0.375,
			"bones": {
				"left_arm": {
					"rotation": {
						"0.0": [0, 0, 0],
						"0.0833": [74.8567, -7.8959, -62.1123],
						"0.1667": [-59.61975, 41.7245, 6.3188],
						"0.375": [0, 0, 0]
					}
				},
				"left_forearm": {
					"rotation": {
						"0.0": [0, 0, 0],
						"0.125": [-42.5, 0, 0],
						"0.375": [0, 0, 0]
					}
				}
			}
		}
	},
	"geckolib_format_version": 2
}